[{"model": "auth.permission", "pk": 1, "fields": {"name": "Can add log entry", "content_type": 1, "codename": "add_logentry"}}, {"model": "auth.permission", "pk": 2, "fields": {"name": "Can change log entry", "content_type": 1, "codename": "change_logentry"}}, {"model": "auth.permission", "pk": 3, "fields": {"name": "Can delete log entry", "content_type": 1, "codename": "delete_logentry"}}, {"model": "auth.permission", "pk": 4, "fields": {"name": "Can add permission", "content_type": 2, "codename": "add_permission"}}, {"model": "auth.permission", "pk": 5, "fields": {"name": "Can change permission", "content_type": 2, "codename": "change_permission"}}, {"model": "auth.permission", "pk": 6, "fields": {"name": "Can delete permission", "content_type": 2, "codename": "delete_permission"}}, {"model": "auth.permission", "pk": 7, "fields": {"name": "Can add user", "content_type": 3, "codename": "add_user"}}, {"model": "auth.permission", "pk": 8, "fields": {"name": "Can change user", "content_type": 3, "codename": "change_user"}}, {"model": "auth.permission", "pk": 9, "fields": {"name": "Can delete user", "content_type": 3, "codename": "delete_user"}}, {"model": "auth.permission", "pk": 10, "fields": {"name": "Can add group", "content_type": 4, "codename": "add_group"}}, {"model": "auth.permission", "pk": 11, "fields": {"name": "Can change group", "content_type": 4, "codename": "change_group"}}, {"model": "auth.permission", "pk": 12, "fields": {"name": "Can delete group", "content_type": 4, "codename": "delete_group"}}, {"model": "auth.permission", "pk": 13, "fields": {"name": "Can add content type", "content_type": 5, "codename": "add_contenttype"}}, {"model": "auth.permission", "pk": 14, "fields": {"name": "Can change content type", "content_type": 5, "codename": "change_contenttype"}}, {"model": "auth.permission", "pk": 15, "fields": {"name": "Can delete content type", "content_type": 5, "codename": "delete_contenttype"}}, {"model": "auth.permission", "pk": 16, "fields": {"name": "Can add session", "content_type": 6, "codename": "add_session"}}, {"model": "auth.permission", "pk": 17, "fields": {"name": "Can change session", "content_type": 6, "codename": "change_session"}}, {"model": "auth.permission", "pk": 18, "fields": {"name": "Can delete session", "content_type": 6, "codename": "delete_session"}}, {"model": "auth.permission", "pk": 19, "fields": {"name": "Can add sale item", "content_type": 7, "codename": "add_saleitem"}}, {"model": "auth.permission", "pk": 20, "fields": {"name": "Can change sale item", "content_type": 7, "codename": "change_saleitem"}}, {"model": "auth.permission", "pk": 21, "fields": {"name": "Can delete sale item", "content_type": 7, "codename": "delete_saleitem"}}, {"model": "auth.permission", "pk": 22, "fields": {"name": "Can add product", "content_type": 8, "codename": "add_product"}}, {"model": "auth.permission", "pk": 23, "fields": {"name": "Can change product", "content_type": 8, "codename": "change_product"}}, {"model": "auth.permission", "pk": 24, "fields": {"name": "Can delete product", "content_type": 8, "codename": "delete_product"}}, {"model": "auth.permission", "pk": 25, "fields": {"name": "Can add sale", "content_type": 9, "codename": "add_sale"}}, {"model": "auth.permission", "pk": 26, "fields": {"name": "Can change sale", "content_type": 9, "codename": "change_sale"}}, {"model": "auth.permission", "pk": 27, "fields": {"name": "Can delete sale", "content_type": 9, "codename": "delete_sale"}}, {"model": "auth.permission", "pk": 28, "fields": {"name": "Can add employee", "content_type": 10, "codename": "add_employee"}}, {"model": "auth.permission", "pk": 29, "fields": {"name": "Can change employee", "content_type": 10, "codename": "change_employee"}}, {"model": "auth.permission", "pk": 30, "fields": {"name": "Can delete employee", "content_type": 10, "codename": "delete_employee"}}, {"model": "auth.permission", "pk": 31, "fields": {"name": "Can add client", "content_type": 11, "codename": "add_client"}}, {"model": "auth.permission", "pk": 32, "fields": {"name": "Can change client", "content_type": 11, "codename": "change_client"}}, {"model": "auth.permission", "pk": 33, "fields": {"name": "Can delete client", "content_type": 11, "codename": "delete_client"}}, {"model": "auth.user", "pk": 1, "fields": {"password": "pbkdf2_sha256$36000$moExzExaBVcO$YH+CKwMTwwxYhGQ69E8Zn/bWyQhD49kYj4tSjBfSRxQ=", "last_login": "2017-09-07T06:15:43.629Z", "is_superuser": false, "username": "lucas", "first_name": "", "last_name": "", "email": "lucas@enterprise.com", "is_staff": false, "is_active": true, "date_joined": "2017-09-06T02:43:39.133Z", "groups": [], "user_permissions": []}}, {"model": "auth.user", "pk": 2, "fields": {"password": "pbkdf2_sha256$36000$FNSTSdNxrt6P$yjI2gWk9ONdTH9HPWi7B97OsmKwbc6BcaMPJeEqXI6A=", "last_login": "2017-09-06T19:51:48.550Z", "is_superuser": false, "username": "luiza", "first_name": "", "last_name": "", "email": "luiza@enterprise.com", "is_staff": false, "is_active": true, "date_joined": "2017-09-06T02:43:50.617Z", "groups": [], "user_permissions": []}}, {"model": "sessions.session", "pk": "17syyfr4ntjnfybo6h2w6bgz21b5sgv1", "fields": {"session_data": "NjBmNjFmNDgxNWQ4ZDZkMjg0MGI2MjRlM2VlMjY4MTI3ODdhNDU4Yzp7Il9hdXRoX3VzZXJfaGFzaCI6ImYwOWQ3YjU2ZmJmNmMyMTVjMTkwNzEzNTU3NjNlYzhmNDg0YWM1MzkiLCJfYXV0aF91c2VyX2JhY2tlbmQiOiJkamFuZ28uY29udHJpYi5hdXRoLmJhY2tlbmRzLk1vZGVsQmFja2VuZCIsIl9hdXRoX3VzZXJfaWQiOiIxIn0=", "expire_date": "2017-09-21T06:15:43.723Z"}}, {"model": "core.employee", "pk": 1, "fields": {"name": "Lucas", "user": 1, "salary": 1000.0}}, {"model": "core.employee", "pk": 2, "fields": {"name": "Luiza", "user": 2, "salary": 1000.0}}, {"model": "core.client", "pk": 1, "fields": {"name": "Rodrigo Santos", "address": "Rua dos Bobos, N\u00ba 0", "phone": "86 9999-9999"}}, {"model": "core.client", "pk": 2, "fields": {"name": "Ricardo Santos", "address": "Rua dos Bobos, N\u00ba 1", "phone": "86 9999-9999"}}, {"model": "core.client", "pk": 3, "fields": {"name": "Rog\u00e9rio Santos", "address": "Rua dos Bobos, N\u00ba 2", "phone": "86 9999-9999"}}, {"model": "core.client", "pk": 4, "fields": {"name": "Ronaldo Santos", "address": "Rua dos Bobos, N\u00ba 3", "phone": "86 9999-9999"}}, {"model": "core.product", "pk": 1, "fields": {"description": "Arroz", "price": 3.0}}, {"model": "core.product", "pk": 2, "fields": {"description": "Feij\u00e3o", "price": 5.0}}, {"model": "core.product", "pk": 3, "fields": {"description": "Macarr\u00e3o", "price": 4.0}}, {"model": "core.product", "pk": 4, "fields": {"description": "Farinha", "price": 2.25}}, {"model": "core.product", "pk": 5, "fields": {"description": "Sal", "price": 0.9}}, {"model": "core.product", "pk": 6, "fields": {"description": "A\u00e7ucar", "price": 4.3}}, {"model": "core.product", "pk": 7, "fields": {"description": "Caf\u00e9", "price": 3.5}}, {"model": "core.product", "pk": 8, "fields": {"description": "Leite", "price": 6.0}}, {"model": "core.product", "pk": 9, "fields": {"description": "Ovo", "price": 0.5}}, {"model": "core.product", "pk": 10, "fields": {"description": "Margarina", "price": 1.9}}, {"model": "core.product", "pk": 11, "fields": {"description": "\u00d3leo", "price": 2.75}}, {"model": "core.sale", "pk": 1, "fields": {"employee": 1, "client": 2, "date": "2017-09-05"}}, {"model": "core.sale", "pk": 2, "fields": {"employee": 2, "client": 3, "date": "2017-09-06"}}, {"model": "core.sale", "pk": 3, "fields": {"employee": 2, "client": 1, "date": "2017-09-06"}}, {"model": "core.sale", "pk": 4, "fields": {"employee": 1, "client": 4, "date": "2017-09-06"}}, {"model": "core.saleitem", "pk": 1, "fields": {"sale": 1, "product": 1, "quantity": 3, "total_price": 9.0}}, {"model": "core.saleitem", "pk": 2, "fields": {"sale": 4, "product": 8, "quantity": 2, "total_price": 12.0}}, {"model": "core.saleitem", "pk": 3, "fields": {"sale": 2, "product": 10, "quantity": 2, "total_price": 3.8}}, {"model": "core.saleitem", "pk": 4, "fields": {"sale": 2, "product": 7, "quantity": 5, "total_price": 17.5}}, {"model": "core.saleitem", "pk": 5, "fields": {"sale": 3, "product": 11, "quantity": 1, "total_price": 2.75}}, {"model": "core.saleitem", "pk": 6, "fields": {"sale": 1, "product": 11, "quantity": 2, "total_price": 5.5}}, {"model": "core.saleitem", "pk": 7, "fields": {"sale": 3, "product": 9, "quantity": 10, "total_price": 5.0}}, {"model": "core.saleitem", "pk": 8, "fields": {"sale": 2, "product": 5, "quantity": 1, "total_price": 0.9}}, {"model": "core.saleitem", "pk": 9, "fields": {"sale": 1, "product": 4, "quantity": 7, "total_price": 15.75}}, {"model": "core.saleitem", "pk": 10, "fields": {"sale": 1, "product": 2, "quantity": 2, "total_price": 10.0}}, {"model": "core.saleitem", "pk": 11, "fields": {"sale": 4, "product": 10, "quantity": 9, "total_price": 17.099999999999998}}, {"model": "core.saleitem", "pk": 12, "fields": {"sale": 4, "product": 10, "quantity": 9, "total_price": 17.099999999999998}}, {"model": "core.saleitem", "pk": 13, "fields": {"sale": 4, "product": 10, "quantity": 9, "total_price": 17.099999999999998}}, {"model": "core.saleitem", "pk": 14, "fields": {"sale": 4, "product": 10, "quantity": 9, "total_price": 17.099999999999998}}, {"model": "core.saleitem", "pk": 15, "fields": {"sale": 1, "product": 1, "quantity": 6, "total_price": 18.0}}, {"model": "core.saleitem", "pk": 16, "fields": {"sale": 1, "product": 6, "quantity": 1, "total_price": 4.3}}, {"model": "core.saleitem", "pk": 17, "fields": {"sale": 1, "product": 6, "quantity": 1, "total_price": 4.3}}, {"model": "core.saleitem", "pk": 18, "fields": {"sale": 4, "product": 2, "quantity": 1, "total_price": 5.0}}]